B&L315,B&L,315,\N,Classroom
MOREY501,MOREY,501,\N,Classroom
ET12,ET,12,\N,Classroom
STRNGLOWER,STRNG,LOWER,\N,Classroom
DEWEY2110E,DEWEY,2110E,\N,Classroom
HYLAN203,HYLAN,203,\N,Classroom
LATT540,LATT,540,\N,Classroom
LCHAS122,LCHAS,122,\N,Classroom
MEL209,MEL,209,\N,Classroom
LCHAS161,LCHAS,161,\N,Classroom
MEL224,MEL,224,\N,Classroom
HYLAN105,HYLAN,105,\N,Classroom
DEWEY4162,DEWEY,4162,\N,Classroom
LCHAS181,LCHAS,181,\N,Classroom
MOREY504,MOREY,504,\N,Classroom
GAVET202,GAVET,202,\N,Classroom
MOREY524,MOREY,524,\N,Classroom
LCHAS163,LCHAS,163,\N,Classroom
LATT431,LATT,431,\N,Classroom
MOREY502,MOREY,502,\N,Classroom
LATT401,LATT,401,\N,Classroom
LATT210,LATT,210,\N,Classroom
LATT441,LATT,441,\N,Classroom
GAVET310,GAVET,310,\N,Classroom
MOREY525,MOREY,525,\N,Classroom
LATT513,LATT,513,\N,Classroom
LCHAS182,LCHAS,182,\N,Classroom
WEGMN1005,WEGMN,1005,\N,Classroom
WEGMN1009,WEGMN,1009,\N,Classroom
LCHAS184,LCHAS,184,\N,Classroom
LATT413,LATT,413,\N,Classroom
HARK210,HARK,210,\N,Classroom
GRGEN108,GRGEN,108,\N,Classroom
DEWEY2110D,DEWEY,2110D,\N,Classroom
HYLAN202,HYLAN,202,\N,Classroom
LCHAS148,LCHAS,148,\N,Classroom
DOUG419,DOUG,419,\N,Classroom
DOUG308,DOUG,308,\N,Classroom
LATT110,LATT,110,\N,Classroom
LCHAS121,LCHAS,121,\N,Classroom
LCHAS104,LCHAS,104,\N,Classroom
MOREY205,MOREY,205,\N,Classroom
HYLAN306,HYLAN,306,\N,Classroom
LCHAS143,LCHAS,143,\N,Classroom
MEL221,MEL,221,\N,Classroom
CSB412,CSB,412,\N,Classroom
RETT303,RETT,303,\N,Classroom
CSB423,CSB,423,\N,Classroom
CSB523,CSB,523,\N,Classroom
HOPE202,HOPE,202,\N,Classroom
GAVET301,GAVET,301,\N,Classroom
CSB426,CSB,426,\N,Classroom
RRLIB362,RRLIB,362,\N,Classroom
LCHAS103,LCHAS,103,\N,Classroom
B&L480,B&L,480,\N,Classroom
B&L407,B&L,407,\N,Classroom
B&L203H,B&L,203H,\N,Classroom
HOYTAUD,HOYT,AUD,\N,Classroom
HYLAN201,HYLAN,201,\N,Classroom
HYLAN101,HYLAN,101,\N,Classroom
MOREY321,MOREY,321,\N,Classroom
HUTCH140,HUTCH,140,\N,Classroom
MEL111,MEL,111,\N,Classroom
MEL178,MEL,178,\N,Classroom
HUTCH473,HUTCH,473,\N,Classroom
MEL269,MEL,269,\N,Classroom
DEWEY1101,DEWEY,1101,\N,Classroom
GAVET312,GAVET,312,\N,Classroom
B&L106,B&L,106,\N,Classroom
MEL205,MEL,205,\N,Classroom
MEL366,MEL,366,\N,Classroom
MEL301B,MEL,301B,\N,Classroom
B&L270,B&L,270,\N,Classroom
GEN308,GEN,308,\N,Classroom
CARLS1B,CARLS,1B,\N,Classroom
GEN309,GEN,309,\N,Classroom
CARLS102,CARLS,102,\N,Classroom
HYLAN206,HYLAN,206,\N,Classroom
GEN321,GEN,321,\N,Classroom
CARLS310,CARLS,310,\N,Classroom
DEWEY2162,DEWEY,2162,\N,Classroom
HUTCH141,HUTCH,141,\N,Classroom
MEL219,MEL,219,\N,Classroom
HUTCH339,HUTCH,339,\N,Classroom
HYLAN102,HYLAN,102,\N,Classroom
TODD202,TODD,202,\N,Classroom
GRGEN110,GRGEN,110,\N,Classroom
HUTCH138,HUTCH,138,\N,Classroom
MEL206,MEL,206,\N,Classroom
GRGEN101,GRGEN,101,\N,Classroom
HYLAN305,HYLAN,305,\N,Classroom
HUTCH219,HUTCH,219,\N,Classroom
HUTCH222,HUTCH,222,\N,Classroom
HUTCH217,HUTCH,217,\N,Classroom
CARLS1A,CARLS,1A,\N,Classroom
DEWEY4120B,DEWEY,4120B,\N,Classroom
GRGEN109,GRGEN,109,\N,Classroom
GEN323,GEN,323,\N,Classroom
HUTCH225,HUTCH,225,\N,Classroom
HUTCH220,HUTCH,220,\N,Classroom
HYLAN303,HYLAN,303,\N,Classroom
MEL218,MEL,218,\N,Classroom
HARK114,HARK,114,\N,Classroom
GRGEN102,GRGEN,102,\N,Classroom
MEL210,MEL,210,\N,Classroom
LCHAS285,LCHAS,285,\N,Classroom
HUTCH316,HUTCH,316,\N,Classroom
B&L109,B&L,109,\N,Classroom
HARK115,HARK,115,\N,Classroom
B&L269,B&L,269,\N,Classroom
GRGEN104,GRGEN,104,\N,Classroom
MED37619,MED,37619,\N,Classroom
MED58526,MED,58526,\N,Classroom
GRGEN230,GRGEN,230,\N,Classroom
LCHAS160,LCHAS,160,\N,Classroom
SAUND1412,SAUND,1412,\N,Classroom
GRGEN239,GRGEN,239,\N,Classroom
DOUG302,DOUG,302,\N,Classroom
DOUG420,DOUG,420,\N,Classroom
DOUG403,DOUG,403,\N,Classroom
FRIELLNGE,FRIEL,LNGE,\N,Classroom
SLATERROOM,SLATE,RROOM,\N,Classroom
CSB209,CSB,209,\N,Classroom
GEN325,GEN,325,\N,Classroom
RRLIB428D,RRLIB,428D,\N,Classroom
RRLIB442,RRLIB,442,\N,Classroom
LCHAS141,LCHAS,141,\N,Classroom
GAVET119,GAVET,119,\N,Classroom
GAVET117,GAVET,117,\N,Classroom
GAVET111,GAVET,111,\N,Classroom
HUTCH115,HUTCH,115,\N,Classroom
HUTCH106,HUTCH,106,\N,Classroom
HUTCH118,HUTCH,118,\N,Classroom
HUTCH114,HUTCH,114,\N,Classroom
HUTCH101,HUTCH,101,\N,Classroom
HUTCH125,HUTCH,125,\N,Classroom
HUTCH220C,HUTCH,220C,\N,Classroom
HUTCH128,HUTCH,128,\N,Classroom
B&L171,B&L,171,\N,Classroom
HYLAN307,HYLAN,307,\N,Classroom
HUTCH114B,HUTCH,114B,\N,Classroom
HUTCH102,HUTCH,102,\N,Classroom
WEGMN1400,WEGMN,1400,\N,Classroom
GAVET244,GAVET,244,\N,Classroom
GAVET208,GAVET,208,\N,Classroom
CSB601,CSB,601,\N,Classroom
WEGMN2007,WEGMN,2007,\N,Classroom
CSB527,CSB,527,\N,Classroom
LATT201,LATT,201,\N,Classroom
WILMT116,WILMT,116,\N,Classroom
MEL352,MEL,352,\N,Classroom
MEL474,MEL,474,\N,Classroom
UHS309,UHS,309,\N,Classroom
SPURRDANCE,SPURR,DANCE,\N,Classroom
SPURRGYM,SPURR,GYM,\N,Classroom
OBRNDANCE,OBRN,DANCE,\N,Classroom
TODD107,TODD,107,\N,Classroom
RRLIB416,RRLIB,416,\N,Classroom
RETT307,RETT,307,\N,Classroom
SAGEBLDG,SAGE,BLDG,\N,Classroom
RETT106,RETT,106,\N,Classroom
GAVET306,GAVET,306,\N,Classroom
HOPE335,HOPE,335,\N,Classroom
MEL203,MEL,203,\N,Classroom
GAVET206,GAVET,206,\N,Classroom
HARK208,HARK,208,\N,Classroom
HARK113,HARK,113,\N,Classroom
HARK222,HARK,222,\N,Classroom
HARK112,HARK,112,\N,Classroom
HUTCH207,HUTCH,207,\N,Classroom
HUTCH205,HUTCH,205,\N,Classroom
HUTCH329,HUTCH,329,\N,Classroom
RRLIB202,RRLIB,202,\N,Classroom
RRLIBPLUTZ,RRLIB,PLUTZ,\N,Classroom
TODDUN,TODD,UN,\N,Classroom
TODD202F,TODD,202F,\N,Classroom
LCHAS124,LCHAS,124,\N,Classroom
MOREY403,MOREY,403,\N,Classroom
DEWEY1305,DEWEY,1305,\N,Classroom
DOUG404,DOUG,404,\N,Classroom
LATT531,LATT,531,\N,Classroom
DOUG406,DOUG,406,\N,Classroom
RRLIB456,RRLIB,456,\N,Classroom
HYLAN1106A,HYLAN,1106A,\N,Classroom
HYLAN1101,HYLAN,1101,\N,Classroom
HYLAN1106B,HYLAN,1106B,\N,Classroom
GAVET118,GAVET,118,\N,Classroom
HOPE124,HOPE,124,\N,Classroom
DEWEYB315,DEWEY,B315,\N,Classroom
DEWEYB-315,DEWEY,B-315,\N,Classroom
DEWEYB349,DEWEY,B349,\N,Classroom
ESM443,ESM,443,\N,Classroom
ESM444,ESM,444,\N,Office
ET411,ET,411,\N,Classroom
ESM120,ESM,120,\N,Classroom
STRNGUPPER,STRNG,UPPER,\N,Classroom
DEWEYB320,DEWEY,B320,\N,Classroom
WILMT504,WILMT,504,\N,Classroom
WILMT539,WILMT,539,\N,Classroom
GRGEN509,GRGEN,509,\N,Classroom
GLSON118,GLSON,118,\N,Classroom
HARK329,HARK,329,\N,Classroom
B&L267,B&L,267,\N,Classroom
B&L268,B&L,268,\N,Classroom
B&L208,B&L,208,\N,Classroom
B&L165,B&L,165,\N,Classroom
B&L372,B&L,372,\N,Classroom
DOUG307,DOUG,307,\N,Classroom
CHAPL200,CHAPL,200,\N,Classroom
RRLIB304,RRLIB,304,\N,Classroom
CHAPL202,CHAPL,202,\N,Classroom
SCHGL102,SCHGL,102,\N,Classroom
SCHGL207,SCHGL,207,\N,Classroom
GLSON120,GLSON,120,\N,Classroom
SCHGL309,SCHGL,309,\N,Classroom
GLSON119,GLSON,119,\N,Classroom
SCHGL107,SCHGL,107,\N,Classroom
SCHGL407,SCHGL,407,\N,Classroom
SCHGL301,SCHGL,301,\N,Classroom
GLSON318,GLSON,318,\N,Classroom
SCHGL103,SCHGL,103,\N,Classroom
LCHAS305,LCHAS,305,\N,Classroom
LCHAS481,LCHAS,481,\N,Classroom
LCHAS215,LCHAS,215,\N,Classroom
ECCFL,EC,CFL,\N,Classroom
ESMHHH,ESM,HHH,\N,Classroom
ESM404,ESM,404,\N,Classroom
ET603,ET,603,\N,Classroom
MC320,MC,320,\N,Classroom
EC103,EC,103,\N,Classroom
OSL101,OSL,101,\N,Classroom
MSH1,MSH,1,\N,Classroom
MC1,MC,1,\N,Classroom
ESM320,ESM,320,\N,Classroom
ESM209,ESM,209,\N,Classroom
MC2,MC,2,\N,Classroom
ANNEX709,ANNEX,709,\N,Classroom
ET412,ET,412,\N,Classroom
UNITRCHRCH,UNITR,CHRCH,\N,Classroom
ANNEX624,ANNEX,624,\N,Classroom
ANNEX708,ANNEX,708,\N,Classroom
ANNEX710,ANNEX,710,\N,Classroom
MSH414,MSH,414,\N,Classroom
ESM305,ESM,305,\N,Classroom
ANNEX707,ANNEX,707,\N,Classroom
ANNEX704,ANNEX,704,\N,Classroom
MSH221,MSH,221,\N,Classroom
ESM514,ESM,514,\N,Classroom
ESM415,ESM,415,\N,Classroom
ESM437,ESM,437,\N,Classroom
MSH404,MSH,404,\N,Classroom
ANNEX208,ANNEX,208,\N,Classroom
RLUTHCHRCH,RLUTH,CHRCH,\N,Classroom
OSL204,OSL,204,\N,Classroom
ESM70,ESM,70,\N,Classroom
ESM442,ESM,442,\N,Classroom
ESMM9,ESM,M9,\N,Classroom
ANNEX902,ANNEX,902,\N,Classroom
NSL308,NSL,308,\N,Classroom
EEW415,EEW,415,\N,Classroom
ANNEX621,ANNEX,621,\N,Classroom
ESM424,ESM,424,\N,Classroom
NSL404,NSL,404,\N,Classroom
ET404,ET,404,\N,Classroom
ANNEX804,ANNEX,804,\N,Classroom
ESM310,ESM,310,\N,Classroom
CHRSTCHRCH,CHRST,CHRCH,\N,Classroom
ET410,ET,410,\N,Classroom
MED36408,MED,36408,\N,Classroom
MED16823,MED,16823,\N,Classroom
MED26408,MED,26408,\N,Classroom
MED37423,MED,37423,\N,Classroom
CTSB1402,CTSB,1402,\N,Classroom
CTSB1416,CTSB,1416,\N,Classroom
CTSB1404,CTSB,1404,\N,Classroom
CTSB1412,CTSB,1412,\N,Classroom
CTSB1406,CTSB,1406,\N,Classroom
MED17416,MED,17416,\N,Classroom
MED23615,MED,23615,\N,Classroom
KMRB29654,KMRB,29654,\N,Classroom
KMRB29624,KMRB,29624,\N,Classroom
MED17619,MED,17619,\N,Classroom
MED19545,MED,19545,\N,Classroom
MED19555,MED,19555,\N,Classroom
KMRB39624,KMRB,39624,\N,Classroom
MED57432,MED,57432,\N,Classroom
KMRBG9654,KMRB,G9654,\N,Classroom
MEDB7618,MED,B7618,\N,Classroom
MED27545,MED,27545,\N,Classroom
MED46912,MED,46912,\N,Classroom
MED46325,MED,46325,\N,Classroom
CTSB3434A,CTSB,3434A,\N,Classroom
CTSB1410,CTSB,1410,\N,Classroom
HHHUFFB,HH,HUFFB,\N,Classroom
MED19068,MED,19068,\N,Classroom
MEDG9118,MED,G9118,\N,Classroom
MED48820,MED,48820,\N,Classroom
HWH1-510,HWH,1-510,\N,Classroom
HWH1-509,HWH,1-509,\N,Classroom
HWH2-213,HWH,2-213,\N,Classroom
HWH1-304,HWH,1-304,\N,Classroom
HWH1-502,HWH,1-502,\N,Classroom
HWH4-301,HWH,4-301,\N,Classroom
HWH2-153,HWH,2-153,\N,Classroom
HWH4-134,HWH,4-134,\N,Classroom
HWH2-216,HWH,2-216,\N,Classroom
EIOH192,EIOH,192,\N,Classroom
EIOHCONC,EIOH,CONC,\N,Classroom
UHS595,UHS,595,\N,Office
RETT240,RETT,240,\N,Office
HARK207,HARK,207,\N,Office
GLSON475,GLSON,475,\N,Office
ANNEX252,ANNEX,252,\N,Office
RLUTH92,RLUTH,92,\N,Office
MED212,MED,212,\N,Office
NSL464,NSL,464,\N,Office
SAGE271,SAGE,271,\N,Office
EEW5,EEW,5,\N,Office
WEGMN566,WEGMN,566,\N,Office
HARK161,HARK,161,\N,Office
SLATE489,SLATE,489,\N,Office
B&L55,B&L,55,\N,Office
CTSB211,CTSB,211,\N,Office
HUTCH100,HUTCH,100,\N,Office
CHRST411,CHRST,411,\N,Office
HH257,HH,257,\N,Office
DEWEY579,DEWEY,579,\N,Office
TODD236,TODD,236,\N,Office
HH375,HH,375,\N,Office
MOREY373,MOREY,373,\N,Office
CARLS303,CARLS,303,\N,Office
CSB307,CSB,307,\N,Office
MSH91,MSH,91,\N,Office
WEGMN46,WEGMN,46,\N,Office
HARK335,HARK,335,\N,Office
RETT169,RETT,169,\N,Office
WEGMN233,WEGMN,233,\N,Office
MED164,MED,164,\N,Office
DOUG587,DOUG,587,\N,Office
MED90,MED,90,\N,Office
GRGEN309,GRGEN,309,\N,Office
UNITR523,UNITR,523,\N,Office
LCHAS309,LCHAS,309,\N,Office
GEN8,GEN,8,\N,Office
SCHGL361,SCHGL,361,\N,Office
GLSON173,GLSON,173,\N,Office
EIOH134,EIOH,134,\N,Office
CSB89,CSB,89,\N,Office
WILMT546,WILMT,546,\N,Office
SLATE65,SLATE,65,\N,Office
KMRB34,KMRB,34,\N,Office
HOYT504,HOYT,504,\N,Office
SAGE595,SAGE,595,\N,Office
MED495,MED,495,\N,Office
SAGE102,SAGE,102,\N,Office
OBRN558,OBRN,558,\N,Office
CTSB485,CTSB,485,\N,Office
GEN529,GEN,529,\N,Office
ANNEX260,ANNEX,260,\N,Office
GAVET476,GAVET,476,\N,Office
ET64,ET,64,\N,Office
CHRST363,CHRST,363,\N,Office
GAVET1,GAVET,1,\N,Office
HARK371,HARK,371,\N,Office
ANNEX13,ANNEX,13,\N,Office
EIOH265,EIOH,265,\N,Office
SLATE174,SLATE,174,\N,Office
NSL318,NSL,318,\N,Office
UNITR180,UNITR,180,\N,Office
MSH53,MSH,53,\N,Office
B&L332,B&L,332,\N,Office
HUTCH215,HUTCH,215,\N,Office
CHRST148,CHRST,148,\N,Office
OSL46,OSL,46,\N,Office
GLSON153,GLSON,153,\N,Office
EC22,EC,22,\N,Office
RRLIB327,RRLIB,327,\N,Office
SLATE543,SLATE,543,\N,Office
UHS545,UHS,545,\N,Office
MEL7,MEL,7,\N,Office
TODD139,TODD,139,\N,Office
GAVET358,GAVET,358,\N,Office
GRGEN148,GRGEN,148,\N,Office
HUTCH255,HUTCH,255,\N,Office
RLUTH543,RLUTH,543,\N,Office
LCHAS167,LCHAS,167,\N,Office
GRGEN194,GRGEN,194,\N,Office
TODD505,TODD,505,\N,Office
SAUND543,SAUND,543,\N,Office
GAVET217,GAVET,217,\N,Office
TODD319,TODD,319,\N,Office
HOPE125,HOPE,125,\N,Office
GEN95,GEN,95,\N,Office
GEN229,GEN,229,\N,Office
SAUND566,SAUND,566,\N,Office
LCHAS155,LCHAS,155,\N,Office
MOREY176,MOREY,176,\N,Office
GAVET583,GAVET,583,\N,Office
OSL50,OSL,50,\N,Office
MOREY165,MOREY,165,\N,Office
HOPE548,HOPE,548,\N,Office
SAGE576,SAGE,576,\N,Office
MEL290,MEL,290,\N,Office
SAGE233,SAGE,233,\N,Office
RRLIB68,RRLIB,68,\N,Office
SPURR115,SPURR,115,\N,Office
WEGMN258,WEGMN,258,\N,Office
SAGE281,SAGE,281,\N,Office
MC276,MC,276,\N,Office
HARK252,HARK,252,\N,Office
SAUND224,SAUND,224,\N,Office
KMRB362,KMRB,362,\N,Office
EIOH254,EIOH,254,\N,Office
GRGEN379,GRGEN,379,\N,Office
CHRST194,CHRST,194,\N,Office
GRGEN159,GRGEN,159,\N,Office
ESM566,ESM,566,\N,Office
CTSB129,CTSB,129,\N,Office
SAGE412,SAGE,412,\N,Office
FRIEL31,FRIEL,31,\N,Office
GEN200,GEN,200,\N,Office
MOREY263,MOREY,263,\N,Office
MEL537,MEL,537,\N,Office
HOYT63,HOYT,63,\N,Office
EIOH17,EIOH,17,\N,Office
HWH342,HWH,342,\N,Office
TODD39,TODD,39,\N,Office
EC369,EC,369,\N,Office
GLSON438,GLSON,438,\N,Office
LCHAS304,LCHAS,304,\N,Office
HWH427,HWH,427,\N,Office
SPURR37,SPURR,37,\N,Office
HWH240,HWH,240,\N,Office
SAUND62,SAUND,62,\N,Office
EIOH409,EIOH,409,\N,Office
MSH478,MSH,478,\N,Office
HARK183,HARK,183,\N,Office
GEN263,GEN,263,\N,Office
GRGEN127,GRGEN,127,\N,Office
HARK77,HARK,77,\N,Office
GAVET164,GAVET,164,\N,Office
B&L439,B&L,439,\N,Office
NSL365,NSL,365,\N,Office
OSL138,OSL,138,\N,Office
HUTCH395,HUTCH,395,\N,Office
HUTCH25,HUTCH,25,\N,Office
MED244,MED,244,\N,Office
OBRN435,OBRN,435,\N,Office
STRNG512,STRNG,512,\N,Office
SLATE16,SLATE,16,\N,Office
RRLIB594,RRLIB,594,\N,Office
SAGE536,SAGE,536,\N,Office
SAGE207,SAGE,207,\N,Office
FRIEL588,FRIEL,588,\N,Office
SLATE99,SLATE,99,\N,Office
SLATE8,SLATE,8,\N,Office
OBRN398,OBRN,398,\N,Office
EEW452,EEW,452,\N,Office
LCHAS525,LCHAS,525,\N,Office
GRGEN374,GRGEN,374,\N,Office
MEL309,MEL,309,\N,Office
HYLAN551,HYLAN,551,\N,Office
UHS83,UHS,83,\N,Office
MC134,MC,134,\N,Office
OSL176,OSL,176,\N,Office
EC268,EC,268,\N,Office
LATT561,LATT,561,\N,Office
SCHGL408,SCHGL,408,\N,Office
EIOH464,EIOH,464,\N,Office
GRGEN260,GRGEN,260,\N,Office
NSL510,NSL,510,\N,Office
CTSB314,CTSB,314,\N,Office
HARK377,HARK,377,\N,Office
MC62,MC,62,\N,Office
SPURR109,SPURR,109,\N,Office
MC517,MC,517,\N,Office
B&L225,B&L,225,\N,Office
RLUTH316,RLUTH,316,\N,Office
EEW109,EEW,109,\N,Office
MC184,MC,184,\N,Office
HH546,HH,546,\N,Office
DOUG310,DOUG,310,\N,Office
FRIEL490,FRIEL,490,\N,Office
CARLS405,CARLS,405,\N,Office
GEN132,GEN,132,\N,Office
TODD175,TODD,175,\N,Office
CSB324,CSB,324,\N,Office
HYLAN585,HYLAN,585,\N,Office
HWH329,HWH,329,\N,Office
CHAPL308,CHAPL,308,\N,Office
DOUG185,DOUG,185,\N,Office
LCHAS196,LCHAS,196,\N,Office
HYLAN427,HYLAN,427,\N,Office
LATT184,LATT,184,\N,Office
CHAPL204,CHAPL,204,\N,Office
MED270,MED,270,\N,Office
KMRB532,KMRB,532,\N,Office
MC293,MC,293,\N,Office
UNITR486,UNITR,486,\N,Office
MOREY363,MOREY,363,\N,Office
GEN192,GEN,192,\N,Office
HOYT434,HOYT,434,\N,Office
CARLS321,CARLS,321,\N,Office
MC447,MC,447,\N,Office
MSH141,MSH,141,\N,Office
GEN462,GEN,462,\N,Office
HARK462,HARK,462,\N,Office
HYLAN509,HYLAN,509,\N,Office
SLATE188,SLATE,188,\N,Office
WILMT572,WILMT,572,\N,Office
B&L196,B&L,196,\N,Office
MEL215,MEL,215,\N,Office
SAUND582,SAUND,582,\N,Office
KMRB102,KMRB,102,\N,Office
OBRN454,OBRN,454,\N,Office
STRNG524,STRNG,524,\N,Office
MC476,MC,476,\N,Office
MC444,MC,444,\N,Office
UNITR289,UNITR,289,\N,Office
EC5,EC,5,\N,Office
MEL25,MEL,25,\N,Office
UHS424,UHS,424,\N,Office
KMRB556,KMRB,556,\N,Office
EEW398,EEW,398,\N,Office
HH596,HH,596,\N,Office
NSL125,NSL,125,\N,Office
EEW546,EEW,546,\N,Office
FRIEL272,FRIEL,272,\N,Office
SAGE28,SAGE,28,\N,Office
CTSB569,CTSB,569,\N,Office
OSL275,OSL,275,\N,Office
CHAPL367,CHAPL,367,\N,Office
EEW141,EEW,141,\N,Office
GAVET205,GAVET,205,\N,Office
B&L6,B&L,6,\N,Office
MC420,MC,420,\N,Office
OSL596,OSL,596,\N,Office
ESM270,ESM,270,\N,Office
CHAPL334,CHAPL,334,\N,Office
UHS86,UHS,86,\N,Office
RETT83,RETT,83,\N,Office
LATT598,LATT,598,\N,Office
HOPE577,HOPE,577,\N,Office
SLATE355,SLATE,355,\N,Office
HWH409,HWH,409,\N,Office
MC485,MC,485,\N,Office
ESM243,ESM,243,\N,Office
EIOH388,EIOH,388,\N,Office
GLSON177,GLSON,177,\N,Office
RRLIB348,RRLIB,348,\N,Office
RETT420,RETT,420,\N,Office
KMRB156,KMRB,156,\N,Office
UNITR397,UNITR,397,\N,Office
WEGMN176,WEGMN,176,\N,Office
HOYT353,HOYT,353,\N,Office
GRGEN71,GRGEN,71,\N,Office
HARK451,HARK,451,\N,Office
KMRB527,KMRB,527,\N,Office
OBRN586,OBRN,586,\N,Office
OBRN465,OBRN,465,\N,Office
TODD354,TODD,354,\N,Office
EC380,EC,380,\N,Office
ET182,ET,182,\N,Office
SPURR112,SPURR,112,\N,Office
FRIEL596,FRIEL,596,\N,Office
HARK238,HARK,238,\N,Office
HOYT376,HOYT,376,\N,Office
WILMT29,WILMT,29,\N,Office
KMRB94,KMRB,94,\N,Office
SPURR510,SPURR,510,\N,Office
DEWEY34,DEWEY,34,\N,Office
WEGMN512,WEGMN,512,\N,Office
RETT457,RETT,457,\N,Office
MC74,MC,74,\N,Office
MOREY521,MOREY,521,\N,Office
RRLIB365,RRLIB,365,\N,Office
GLSON409,GLSON,409,\N,Office
HOYT273,HOYT,273,\N,Office
GRGEN539,GRGEN,539,\N,Office
HOPE188,HOPE,188,\N,Office
DOUG300,DOUG,300,\N,Office
ANNEX42,ANNEX,42,\N,Office
GLSON431,GLSON,431,\N,Office
RLUTH447,RLUTH,447,\N,Office
OSL315,OSL,315,\N,Office
MEL434,MEL,434,\N,Office
SAGE56,SAGE,56,\N,Office
CARLS471,CARLS,471,\N,Office
HOPE192,HOPE,192,\N,Office
LCHAS338,LCHAS,338,\N,Office
MEL213,MEL,213,\N,Office
SPURR321,SPURR,321,\N,Office
HUTCH33,HUTCH,33,\N,Office
CHAPL56,CHAPL,56,\N,Office
HWH522,HWH,522,\N,Office
GAVET197,GAVET,197,\N,Office
SPURR573,SPURR,573,\N,Office
EC302,EC,302,\N,Office
EEW383,EEW,383,\N,Office
EIOH371,EIOH,371,\N,Office
UNITR240,UNITR,240,\N,Office
STRNG300,STRNG,300,\N,Office
EC323,EC,323,\N,Office
TODD5,TODD,5,\N,Office
FRIEL375,FRIEL,375,\N,Office
DOUG389,DOUG,389,\N,Office
CHAPL185,CHAPL,185,\N,Office
UNITR550,UNITR,550,\N,Office
MC88,MC,88,\N,Office
EEW67,EEW,67,\N,Office
MC499,MC,499,\N,Office
EC479,EC,479,\N,Office
EEW425,EEW,425,\N,Office
GLSON16,GLSON,16,\N,Office
OBRN404,OBRN,404,\N,Office
LATT258,LATT,258,\N,Office
RETT377,RETT,377,\N,Office
OSL337,OSL,337,\N,Office
RRLIB44,RRLIB,44,\N,Office
SLATE273,SLATE,273,\N,Office
HUTCH371,HUTCH,371,\N,Office
SCHGL594,SCHGL,594,\N,Office
RRLIB576,RRLIB,576,\N,Office
WEGMN205,WEGMN,205,\N,Office
MSH213,MSH,213,\N,Office
MED243,MED,243,\N,Office
RRLIB218,RRLIB,218,\N,Office
CHRST447,CHRST,447,\N,Office
LCHAS576,LCHAS,576,\N,Office
ET262,ET,262,\N,Office
HYLAN500,HYLAN,500,\N,Office
EC448,EC,448,\N,Office
HOPE218,HOPE,218,\N,Office
RETT319,RETT,319,\N,Office
CHRST209,CHRST,209,\N,Office
RETT498,RETT,498,\N,Office
LATT481,LATT,481,\N,Office
HH102,HH,102,\N,Office
CARLS592,CARLS,592,\N,Office
TODD60,TODD,60,\N,Office
CHRST364,CHRST,364,\N,Office
UNITR254,UNITR,254,\N,Office
SAUND507,SAUND,507,\N,Office
SLATE464,SLATE,464,\N,Office
EC52,EC,52,\N,Office
LCHAS172,LCHAS,172,\N,Office
GLSON143,GLSON,143,\N,Office
RLUTH326,RLUTH,326,\N,Office
GEN552,GEN,552,\N,Office
CTSB303,CTSB,303,\N,Office
MSH177,MSH,177,\N,Office
LATT103,LATT,103,\N,Office
GEN52,GEN,52,\N,Office
NSL153,NSL,153,\N,Office
HH12,HH,12,\N,Office
ET42,ET,42,\N,Office
LATT504,LATT,504,\N,Office
HARK494,HARK,494,\N,Office
HOYT422,HOYT,422,\N,Office
DEWEY375,DEWEY,375,\N,Office
UNITR419,UNITR,419,\N,Office
MEL47,MEL,47,\N,Office
KMRB320,KMRB,320,\N,Office
ET227,ET,227,\N,Office
KMRB244,KMRB,244,\N,Office
OBRN376,OBRN,376,\N,Office
OSL4,OSL,4,\N,Office
FRIEL283,FRIEL,283,\N,Office
EC224,EC,224,\N,Office
GEN398,GEN,398,\N,Office
ET468,ET,468,\N,Office
MED172,MED,172,\N,Office
MEL440,MEL,440,\N,Office
EEW77,EEW,77,\N,Office
KMRB489,KMRB,489,\N,Office
MC240,MC,240,\N,Office
HYLAN596,HYLAN,596,\N,Office
CTSB509,CTSB,509,\N,Office
OSL582,OSL,582,\N,Office
MED248,MED,248,\N,Office
OBRN93,OBRN,93,\N,Office
B&L4,B&L,4,\N,Office
CTSB517,CTSB,517,\N,Office
SAUND565,SAUND,565,\N,Office
STRNG541,STRNG,541,\N,Office
SLATE54,SLATE,54,\N,Office
DOUG28,DOUG,28,\N,Office
SAGE191,SAGE,191,\N,Office
DOUG350,DOUG,350,\N,Office
HUTCH387,HUTCH,387,\N,Office
CHAPL195,CHAPL,195,\N,Office
SCHGL20,SCHGL,20,\N,Office
EEW120,EEW,120,\N,Office
CARLS535,CARLS,535,\N,Office
FRIEL514,FRIEL,514,\N,Office
MEL29,MEL,29,\N,Office
GEN562,GEN,562,\N,Office
UNITR206,UNITR,206,\N,Office
CTSB465,CTSB,465,\N,Office
MED7,MED,7,\N,Office
FRIEL310,FRIEL,310,\N,Office
DEWEY211,DEWEY,211,\N,Office
ESM236,ESM,236,\N,Office
CHAPL34,CHAPL,34,\N,Office
CSB443,CSB,443,\N,Office
UHS296,UHS,296,\N,Office
ET259,ET,259,\N,Office
CHAPL229,CHAPL,229,\N,Office
TODD47,TODD,47,\N,Office
SCHGL462,SCHGL,462,\N,Office
SAUND80,SAUND,80,\N,Office
NSL348,NSL,348,\N,Office
SAUND331,SAUND,331,\N,Office
CARLS590,CARLS,590,\N,Office
UHS566,UHS,566,\N,Office
DEWEY101,DEWEY,101,\N,Office
HH197,HH,197,\N,Office
HWH144,HWH,144,\N,Office
SPURR241,SPURR,241,\N,Office
ANNEX428,ANNEX,428,\N,Office
GEN550,GEN,550,\N,Office
RLUTH306,RLUTH,306,\N,Office
EC472,EC,472,\N,Office
EC253,EC,253,\N,Office
MSH584,MSH,584,\N,Office
RLUTH109,RLUTH,109,\N,Office
EC312,EC,312,\N,Office
UNITR581,UNITR,581,\N,Office
MC524,MC,524,\N,Office
RETT149,RETT,149,\N,Office
LATT294,LATT,294,\N,Office
CSB580,CSB,580,\N,Office
CTSB571,CTSB,571,\N,Office
WILMT159,WILMT,159,\N,Office
HWH307,HWH,307,\N,Office
RLUTH587,RLUTH,587,\N,Office
EIOH41,EIOH,41,\N,Office
CHAPL216,CHAPL,216,\N,Office
DEWEY521,DEWEY,521,\N,Office
HARK398,HARK,398,\N,Office
SAGE568,SAGE,568,\N,Office
SAUND234,SAUND,234,\N,Office
SPURR207,SPURR,207,\N,Office
UHS244,UHS,244,\N,Office
CHRST198,CHRST,198,\N,Office
CSB552,CSB,552,\N,Office
RRLIB479,RRLIB,479,\N,Office
SAGE40,SAGE,40,\N,Office
CHAPL254,CHAPL,254,\N,Office
MEL83,MEL,83,\N,Office
WEGMN291,WEGMN,291,\N,Office
MED374,MED,374,\N,Office
OBRN183,OBRN,183,\N,Office
LATT558,LATT,558,\N,Office
OBRN370,OBRN,370,\N,Office
CTSB159,CTSB,159,\N,Office
OBRN498,OBRN,498,\N,Office
OBRN531,OBRN,531,\N,Office
EC216,EC,216,\N,Office
RRLIB143,RRLIB,143,\N,Office
TODD17,TODD,17,\N,Office
ET23,ET,23,\N,Office
HWH501,HWH,501,\N,Office
HH330,HH,330,\N,Office
GAVET510,GAVET,510,\N,Office
UNITR531,UNITR,531,\N,Office
MC284,MC,284,\N,Office
HUTCH126,HUTCH,126,\N,Office
HOPE594,HOPE,594,\N,Office
MOREY586,MOREY,586,\N,Office
EEW434,EEW,434,\N,Office
RETT346,RETT,346,\N,Office
KMRB452,KMRB,452,\N,Office
RETT567,RETT,567,\N,Office
SCHGL369,SCHGL,369,\N,Office
HARK341,HARK,341,\N,Office
HARK138,HARK,138,\N,Office
OSL299,OSL,299,\N,Office
HYLAN346,HYLAN,346,\N,Office
EC210,EC,210,\N,Office
LATT459,LATT,459,\N,Office
CHAPL362,CHAPL,362,\N,Office
SCHGL190,SCHGL,190,\N,Office
WEGMN403,WEGMN,403,\N,Office
WEGMN170,WEGMN,170,\N,Office
CHRST589,CHRST,589,\N,Office
HWH98,HWH,98,\N,Office
HARK206,HARK,206,\N,Office
HOPE514,HOPE,514,\N,Office
HYLAN25,HYLAN,25,\N,Office
HYLAN481,HYLAN,481,\N,Office
GAVET259,GAVET,259,\N,Office
ESM208,ESM,208,\N,Office
EEW246,EEW,246,\N,Office
GAVET504,GAVET,504,\N,Office
LCHAS446,LCHAS,446,\N,Office
HOYT168,HOYT,168,\N,Office
EC126,EC,126,\N,Office
GEN379,GEN,379,\N,Office
DEWEY530,DEWEY,530,\N,Office
SAGE386,SAGE,386,\N,Office
CTSB222,CTSB,222,\N,Office
OBRN256,OBRN,256,\N,Office
B&L72,B&L,72,\N,Office
MED213,MED,213,\N,Office
EIOH292,EIOH,292,\N,Office
CARLS123,CARLS,123,\N,Office
TODD317,TODD,317,\N,Office
MSH273,MSH,273,\N,Office
RRLIB2,RRLIB,2,\N,Office
HH355,HH,355,\N,Office
EC439,EC,439,\N,Office
ET566,ET,566,\N,Office
MC372,MC,372,\N,Office
ESM447,ESM,447,\N,Office
MEL502,MEL,502,\N,Office
HARK349,HARK,349,\N,Office
TODD146,TODD,146,\N,Office
WEGMN519,WEGMN,519,\N,Office
GLSON498,GLSON,498,\N,Office
CHRST382,CHRST,382,\N,Office
HUTCH279,HUTCH,279,\N,Office
LCHAS406,LCHAS,406,\N,Office
CTSB387,CTSB,387,\N,Office
ESM89,ESM,89,\N,Office
HUTCH542,HUTCH,542,\N,Office
MED278,MED,278,\N,Office
LATT466,LATT,466,\N,Office
ANNEX133,ANNEX,133,\N,Office
SPURR195,SPURR,195,\N,Office
UHS116,UHS,116,\N,Office
OBRN46,OBRN,46,\N,Office
ESM491,ESM,491,\N,Office
DOUG378,DOUG,378,\N,Office
HARK351,HARK,351,\N,Office
WEGMN17,WEGMN,17,\N,Office
ET235,ET,235,\N,Office
HWH92,HWH,92,\N,Office
CARLS282,CARLS,282,\N,Office
GLSON152,GLSON,152,\N,Office
HOPE52,HOPE,52,\N,Office
HWH100,HWH,100,\N,Office
EC374,EC,374,\N,Office
STRNG132,STRNG,132,\N,Office
MEL300,MEL,300,\N,Office
MOREY16,MOREY,16,\N,Office
LCHAS200,LCHAS,200,\N,Office
LCHAS108,LCHAS,108,\N,Office
EEW597,EEW,597,\N,Office
GRGEN343,GRGEN,343,\N,Office
HUTCH548,HUTCH,548,\N,Office
MED290,MED,290,\N,Office
HH394,HH,394,\N,Office
MSH398,MSH,398,\N,Office
CSB73,CSB,73,\N,Office
NSL11,NSL,11,\N,Office
OSL226,OSL,226,\N,Office
OSL372,OSL,372,\N,Office
SAUND106,SAUND,106,\N,Office
HOYT37,HOYT,37,\N,Office
ANNEX27,ANNEX,27,\N,Office
SCHGL92,SCHGL,92,\N,Office
LCHAS307,LCHAS,307,\N,Office
FRIEL68,FRIEL,68,\N,Office
OBRN524,OBRN,524,\N,Office
CTSB255,CTSB,255,\N,Office
HWH590,HWH,590,\N,Office
MEL449,MEL,449,\N,Office
EEW264,EEW,264,\N,Office
CHAPL366,CHAPL,366,\N,Office
EC254,EC,254,\N,Office
HH249,HH,249,\N,Office
MOREY381,MOREY,381,\N,Office
SCHGL188,SCHGL,188,\N,Office
HOYT296,HOYT,296,\N,Office
SAUND282,SAUND,282,\N,Office
NSL576,NSL,576,\N,Office
LCHAS542,LCHAS,542,\N,Office
UHS429,UHS,429,\N,Office
RLUTH203,RLUTH,203,\N,Office
GAVET252,GAVET,252,\N,Office
TODD511,TODD,511,\N,Office
CHRST455,CHRST,455,\N,Office
CHRST476,CHRST,476,\N,Office
B&L154,B&L,154,\N,Office
CTSB54,CTSB,54,\N,Office
EEW79,EEW,79,\N,Office
MC376,MC,376,\N,Office
KMRB217,KMRB,217,\N,Office
STRNG240,STRNG,240,\N,Office
TODD482,TODD,482,\N,Office
ESM196,ESM,196,\N,Office
CSB313,CSB,313,\N,Office
ESM218,ESM,218,\N,Office
ANNEX209,ANNEX,209,\N,Office
CTSB531,CTSB,531,\N,Office
SLATE302,SLATE,302,\N,Office
CHAPL275,CHAPL,275,\N,Office
ET98,ET,98,\N,Office
B&L590,B&L,590,\N,Office
HOYT44,HOYT,44,\N,Office
UNITR72,UNITR,72,\N,Office
CHRST523,CHRST,523,\N,Office
TODD489,TODD,489,\N,Office
DEWEY122,DEWEY,122,\N,Office
GLSON162,GLSON,162,\N,Office
TODD523,TODD,523,\N,Office
SPURR4,SPURR,4,\N,Office
ET31,ET,31,\N,Office
GLSON569,GLSON,569,\N,Office
WEGMN44,WEGMN,44,\N,Office
HARK591,HARK,591,\N,Office
RLUTH550,RLUTH,550,\N,Office
DEWEY172,DEWEY,172,\N,Office
B&L330,B&L,330,\N,Office
DOUG478,DOUG,478,\N,Office
RETT148,RETT,148,\N,Office
HOYT499,HOYT,499,\N,Office
WEGMN53,WEGMN,53,\N,Office
EIOH361,EIOH,361,\N,Office
WILMT424,WILMT,424,\N,Office
ET351,ET,351,\N,Office
FRIEL382,FRIEL,382,\N,Office
CHRST513,CHRST,513,\N,Office
GLSON170,GLSON,170,\N,Office
CHRST562,CHRST,562,\N,Office
CSB424,CSB,424,\N,Office
ET299,ET,299,\N,Office
EC46,EC,46,\N,Office
HWH158,HWH,158,\N,Office
ET21,ET,21,\N,Office
WILMT538,WILMT,538,\N,Office
SLATE81,SLATE,81,\N,Office
EEW401,EEW,401,\N,Office
TODD53,TODD,53,\N,Office
HYLAN561,HYLAN,561,\N,Office
MEL385,MEL,385,\N,Office
HWH74,HWH,74,\N,Office
HARK212,HARK,212,\N,Office
HUTCH86,HUTCH,86,\N,Office
SPURR335,SPURR,335,\N,Office
HH456,HH,456,\N,Office
RLUTH462,RLUTH,462,\N,Office
ANNEX189,ANNEX,189,\N,Office
OBRN267,OBRN,267,\N,Office
HWH121,HWH,121,\N,Office
MSH145,MSH,145,\N,Office
HOYT466,HOYT,466,\N,Office
UNITR543,UNITR,543,\N,Office
GLSON493,GLSON,493,\N,Office
CSB275,CSB,275,\N,Office
CARLS345,CARLS,345,\N,Office
LCHAS138,LCHAS,138,\N,Office
EEW19,EEW,19,\N,Office
HUTCH24,HUTCH,24,\N,Office
HH74,HH,74,\N,Office
LCHAS568,LCHAS,568,\N,Office
UHS490,UHS,490,\N,Office
GEN161,GEN,161,\N,Office
OSL7,OSL,7,\N,Office
B&L551,B&L,551,\N,Office
RLUTH402,RLUTH,402,\N,Office
NSL78,NSL,78,\N,Office
NSL245,NSL,245,\N,Office
RLUTH565,RLUTH,565,\N,Office
KMRB469,KMRB,469,\N,Office
RLUTH238,RLUTH,238,\N,Office
NSL531,NSL,531,\N,Office
UHS307,UHS,307,\N,Office
SLATE548,SLATE,548,\N,Office
LATT514,LATT,514,\N,Office
RETT65,RETT,65,\N,Office
UNITR131,UNITR,131,\N,Office
HH133,HH,133,\N,Office
WILMT65,WILMT,65,\N,Office
SLATE153,SLATE,153,\N,Office
RRLIB431,RRLIB,431,\N,Office
LCHAS91,LCHAS,91,\N,Office
OSL149,OSL,149,\N,Office
CTSB14,CTSB,14,\N,Office
TODD336,TODD,336,\N,Office
ESM489,ESM,489,\N,Office
MEL40,MEL,40,\N,Office
EEW561,EEW,561,\N,Office
EEW277,EEW,277,\N,Office
MOREY271,MOREY,271,\N,Office
MOREY442,MOREY,442,\N,Office
FRIEL104,FRIEL,104,\N,Office
HUTCH278,HUTCH,278,\N,Office
EC173,EC,173,\N,Office
MED392,MED,392,\N,Office
EEW22,EEW,22,\N,Office
B&L205,B&L,205,\N,Office
WILMT3,WILMT,3,\N,Office
EC397,EC,397,\N,Office
RRLIB91,RRLIB,91,\N,Office
SPURR103,SPURR,103,\N,Office
CTSB406,CTSB,406,\N,Office
UNITR246,UNITR,246,\N,Office
SLATE493,SLATE,493,\N,Office
B&L280,B&L,280,\N,Office
B&L345,B&L,345,\N,Office
RETT208,RETT,208,\N,Office
CSB167,CSB,167,\N,Office
TODD577,TODD,577,\N,Office
MC565,MC,565,\N,Office
CTSB161,CTSB,161,\N,Office
HUTCH6,HUTCH,6,\N,Office
CARLS385,CARLS,385,\N,Office
MED280,MED,280,\N,Office
OSL314,OSL,314,\N,Office
ANNEX118,ANNEX,118,\N,Office
GRGEN510,GRGEN,510,\N,Office
SPURR394,SPURR,394,\N,Office
SLATE25,SLATE,25,\N,Office
SLATE485,SLATE,485,\N,Office
WEGMN454,WEGMN,454,\N,Office
RRLIB593,RRLIB,593,\N,Office
HH212,HH,212,\N,Office
KMRB224,KMRB,224,\N,Office
HARK3,HARK,3,\N,Office
OSL353,OSL,353,\N,Office
RLUTH438,RLUTH,438,\N,Office
EC208,EC,208,\N,Office
FRIEL134,FRIEL,134,\N,Office
UNITR104,UNITR,104,\N,Office
UHS372,UHS,372,\N,Office
RETT280,RETT,280,\N,Office
GLSON336,GLSON,336,\N,Office
CHAPL178,CHAPL,178,\N,Office
MED356,MED,356,\N,Office
OSL351,OSL,351,\N,Office
MOREY216,MOREY,216,\N,Office
FRIEL13,FRIEL,13,\N,Office
UNITR458,UNITR,458,\N,Office
HYLAN97,HYLAN,97,\N,Office
GAVET231,GAVET,231,\N,Office
TODD440,TODD,440,\N,Office
GAVET481,GAVET,481,\N,Office
WEGMN211,WEGMN,211,\N,Office
WILMT423,WILMT,423,\N,Office
WILMT438,WILMT,438,\N,Office
HWH223,HWH,223,\N,Office
EC48,EC,48,\N,Office
CARLS589,CARLS,589,\N,Office
EEW24,EEW,24,\N,Office
NSL139,NSL,139,\N,Office
NSL567,NSL,567,\N,Office
EC273,EC,273,\N,Office
HOYT546,HOYT,546,\N,Office
UHS229,UHS,229,\N,Office
KMRB324,KMRB,324,\N,Office
UHS218,UHS,218,\N,Office
GLSON234,GLSON,234,\N,Office
ESM471,ESM,471,\N,Office
SCHGL210,SCHGL,210,\N,Office
UHS129,UHS,129,\N,Office
EIOH90,EIOH,90,\N,Office
SPURR10,SPURR,10,\N,Office
UHS225,UHS,225,\N,Office
HARK479,HARK,479,\N,Office
KMRB499,KMRB,499,\N,Office
WILMT55,WILMT,55,\N,Office
CARLS348,CARLS,348,\N,Office
EIOH522,EIOH,522,\N,Office
ET282,ET,282,\N,Office
SAGE589,SAGE,589,\N,Office
NSL586,NSL,586,\N,Office
SPURR481,SPURR,481,\N,Office
GAVET84,GAVET,84,\N,Office
CHRST592,CHRST,592,\N,Office
STRNG276,STRNG,276,\N,Office
CTSB383,CTSB,383,\N,Office
CARLS270,CARLS,270,\N,Office
FRIEL212,FRIEL,212,\N,Office
GAVET417,GAVET,417,\N,Office
B&L433,B&L,433,\N,Office
GEN574,GEN,574,\N,Office
NSL24,NSL,24,\N,Office
MSH101,MSH,101,\N,Office
HYLAN273,HYLAN,273,\N,Office
OBRN478,OBRN,478,\N,Office
ET503,ET,503,\N,Office
RETT250,RETT,250,\N,Office
LATT225,LATT,225,\N,Office
LATT107,LATT,107,\N,Office
EIOH287,EIOH,287,\N,Office
STRNG514,STRNG,514,\N,Office
GEN513,GEN,513,\N,Office
LATT66,LATT,66,\N,Office
FRIEL88,FRIEL,88,\N,Office
CSB50,CSB,50,\N,Office
GLSON210,GLSON,210,\N,Office
SPURR586,SPURR,586,\N,Office
KMRB85,KMRB,85,\N,Office
CARLS196,CARLS,196,\N,Office
DOUG256,DOUG,256,\N,Office
DEWEY400,DEWEY,400,\N,Office
B&L545,B&L,545,\N,Office
LATT153,LATT,153,\N,Office
CHAPL231,CHAPL,231,\N,Office
SLATE38,SLATE,38,\N,Office
GRGEN370,GRGEN,370,\N,Office
HWH439,HWH,439,\N,Office
EIOH316,EIOH,316,\N,Office
SAGE530,SAGE,530,\N,Office
STRNG409,STRNG,409,\N,Office
LATT325,LATT,325,\N,Office
SCHGL291,SCHGL,291,\N,Office
HOPE401,HOPE,401,\N,Office
HH204,HH,204,\N,Office
SPURR219,SPURR,219,\N,Office
KMRB135,KMRB,135,\N,Office
UHS152,UHS,152,\N,Office
HOPE184,HOPE,184,\N,Office
GEN223,GEN,223,\N,Office
HH510,HH,510,\N,Office
HWH37,HWH,37,\N,Office
RLUTH7,RLUTH,7,\N,Office
MED378,MED,378,\N,Office
TODD576,TODD,576,\N,Office
EC395,EC,395,\N,Office
HYLAN478,HYLAN,478,\N,Office
CHRST110,CHRST,110,\N,Office
CARLS457,CARLS,457,\N,Office
ET397,ET,397,\N,Office
SAGE527,SAGE,527,\N,Office
UNITR480,UNITR,480,\N,Office
CHAPL435,CHAPL,435,\N,Office
MEL493,MEL,493,\N,Office
HOYT455,HOYT,455,\N,Office
CHRST160,CHRST,160,\N,Office
KMRB334,KMRB,334,\N,Office
CTSB116,CTSB,116,\N,Office
HARK246,HARK,246,\N,Office
DEWEY36,DEWEY,36,\N,Office
MOREY304,MOREY,304,\N,Office
SAGE500,SAGE,500,\N,Office
HUTCH15,HUTCH,15,\N,Office
RETT21,RETT,21,\N,Office
NSL92,NSL,92,\N,Office
KMRB473,KMRB,473,\N,Office
MEL343,MEL,343,\N,Office
CHRST29,CHRST,29,\N,Office
WILMT433,WILMT,433,\N,Office
ESM118,ESM,118,\N,Office
WILMT594,WILMT,594,\N,Office
EIOH466,EIOH,466,\N,Office
HYLAN177,HYLAN,177,\N,Office
CHAPL343,CHAPL,343,\N,Office
HARK177,HARK,177,\N,Office
CTSB249,CTSB,249,\N,Office
FRIEL298,FRIEL,298,\N,Office
MSH79,MSH,79,\N,Office
LCHAS137,LCHAS,137,\N,Office
CTSB220,CTSB,220,\N,Office
MED88,MED,88,\N,Office
GAVET273,GAVET,273,\N,Office
EEW380,EEW,380,\N,Office
NSL334,NSL,334,\N,Office
MOREY306,MOREY,306,\N,Office
GRGEN514,GRGEN,514,\N,Office
MSH585,MSH,585,\N,Office
FRIEL2,FRIEL,2,\N,Office
EC174,EC,174,\N,Office
HARK229,HARK,229,\N,Office
HUTCH599,HUTCH,599,\N,Office
RLUTH241,RLUTH,241,\N,Office
SCHGL385,SCHGL,385,\N,Office
NSL368,NSL,368,\N,Office
CHRST287,CHRST,287,\N,Office
DEWEY463,DEWEY,463,\N,Office
FRIEL146,FRIEL,146,\N,Office
CTSB69,CTSB,69,\N,Office
HWH107,HWH,107,\N,Office
GEN6,GEN,6,\N,Office
GRGEN229,GRGEN,229,\N,Office
WILMT208,WILMT,208,\N,Office
SCHGL426,SCHGL,426,\N,Office
DEWEY141,DEWEY,141,\N,Office
CARLS392,CARLS,392,\N,Office
NSL584,NSL,584,\N,Office
SAUND422,SAUND,422,\N,Office
LATT43,LATT,43,\N,Office
CHAPL355,CHAPL,355,\N,Office
SAUND175,SAUND,175,\N,Office
CARLS469,CARLS,469,\N,Office
KMRB298,KMRB,298,\N,Office
SAUND292,SAUND,292,\N,Office
MC472,MC,472,\N,Office
WEGMN316,WEGMN,316,\N,Office
NSL426,NSL,426,\N,Office
WEGMN588,WEGMN,588,\N,Office
MOREY107,MOREY,107,\N,Office
FRIEL367,FRIEL,367,\N,Office
GRGEN69,GRGEN,69,\N,Office
UHS280,UHS,280,\N,Office
CTSB168,CTSB,168,\N,Office
RLUTH123,RLUTH,123,\N,Office
MC504,MC,504,\N,Office
WEGMN70,WEGMN,70,\N,Office
STRNG596,STRNG,596,\N,Office
UNITR487,UNITR,487,\N,Office
MOREY430,MOREY,430,\N,Office
HOPE368,HOPE,368,\N,Office
GLSON442,GLSON,442,\N,Office
MED467,MED,467,\N,Office
DOUG333,DOUG,333,\N,Office
UNITR351,UNITR,351,\N,Office
GEN129,GEN,129,\N,Office
WEGMN248,WEGMN,248,\N,Office
OBRN522,OBRN,522,\N,Office
MOREY470,MOREY,470,\N,Office
CTSB47,CTSB,47,\N,Office
ET239,ET,239,\N,Office
SAGE387,SAGE,387,\N,Office
LATT59,LATT,59,\N,Office
HYLAN330,HYLAN,330,\N,Office
CSB477,CSB,477,\N,Office
CHAPL571,CHAPL,571,\N,Office
UNITR158,UNITR,158,\N,Office
DOUG198,DOUG,198,\N,Office
HOYT450,HOYT,450,\N,Office
GLSON145,GLSON,145,\N,Office
CARLS131,CARLS,131,\N,Office
UNITR186,UNITR,186,\N,Office
EIOH46,EIOH,46,\N,Office
UNITR27,UNITR,27,\N,Office
UHS507,UHS,507,\N,Office
GRGEN560,GRGEN,560,\N,Office
KMRB273,KMRB,273,\N,Office
WEGMN410,WEGMN,410,\N,Office
EC542,EC,542,\N,Office
ANNEX39,ANNEX,39,\N,Office
HWH116,HWH,116,\N,Office
OBRN254,OBRN,254,\N,Office
OSL422,OSL,422,\N,Office
CHRST72,CHRST,72,\N,Office
LATT77,LATT,77,\N,Office
MC431,MC,431,\N,Office
GRGEN20,GRGEN,20,\N,Office
MSH542,MSH,542,\N,Office
UHS379,UHS,379,\N,Office
NSL533,NSL,533,\N,Office
SPURR425,SPURR,425,\N,Office
GAVET135,GAVET,135,\N,Office
EIOH430,EIOH,430,\N,Office
HARK575,HARK,575,\N,Office
MEL71,MEL,71,\N,Office
STRNG337,STRNG,337,\N,Office
OSL460,OSL,460,\N,Office
UHS409,UHS,409,\N,Office
MOREY353,MOREY,353,\N,Office
RRLIB550,RRLIB,550,\N,Office
EC564,EC,564,\N,Office
MEL314,MEL,314,\N,Office
B&L163,B&L,163,\N,Office
CHAPL537,CHAPL,537,\N,Office
SLATE569,SLATE,569,\N,Office
CSB335,CSB,335,\N,Office
RRLIB427,RRLIB,427,\N,Office
GLSON227,GLSON,227,\N,Office
EEW187,EEW,187,\N,Office
HWH285,HWH,285,\N,Office
OSL287,OSL,287,\N,Office
SAGE163,SAGE,163,\N,Office
SPURR238,SPURR,238,\N,Office
OBRN319,OBRN,319,\N,Office
WEGMN436,WEGMN,436,\N,Office
DOUG369,DOUG,369,\N,Office
EIOH30,EIOH,30,\N,Office
HH298,HH,298,\N,Open
SAGE15,SAGE,15,\N,Open
ESM395,ESM,395,\N,Open
STRNG140,STRNG,140,\N,Open
GAVET512,GAVET,512,\N,Open
ANNEX368,ANNEX,368,\N,Open
LCHAS356,LCHAS,356,\N,Open
DOUG51,DOUG,51,\N,Open
UNITR219,UNITR,219,\N,Open
MED129,MED,129,\N,Open
CARLS57,CARLS,57,\N,Open
CARLS188,CARLS,188,\N,Open
WEGMN196,WEGMN,196,\N,Open
SPURR149,SPURR,149,\N,Open
STRNG198,STRNG,198,\N,Open
HH215,HH,215,\N,Open
EC598,EC,598,\N,Open
DEWEY232,DEWEY,232,\N,Open
EIOH566,EIOH,566,\N,Open
DOUG343,DOUG,343,\N,Open
UHS511,UHS,511,\N,Open
GEN71,GEN,71,\N,Open
MC488,MC,488,\N,Open
CARLS171,CARLS,171,\N,Open
RETT467,RETT,467,\N,Open
CTSB519,CTSB,519,\N,Open
MC267,MC,267,\N,Open
NSL103,NSL,103,\N,Open
SAUND78,SAUND,78,\N,Open
HOPE282,HOPE,282,\N,Open
SCHGL124,SCHGL,124,\N,Open
GRGEN164,GRGEN,164,\N,Open
ANNEX526,ANNEX,526,\N,Open
EC29,EC,29,\N,Open
SCHGL299,SCHGL,299,\N,Open
SLATE542,SLATE,542,\N,Open
EC425,EC,425,\N,Open
GEN571,GEN,571,\N,Open
STRNG509,STRNG,509,\N,Open
SAGE180,SAGE,180,\N,Open
KMRB214,KMRB,214,\N,Open
STRNG497,STRNG,497,\N,Open
MEL153,MEL,153,\N,Open
HUTCH68,HUTCH,68,\N,Open
GEN4,GEN,4,\N,Open
STRNG272,STRNG,272,\N,Open
OBRN463,OBRN,463,\N,Open
KMRB315,KMRB,315,\N,Open
EEW435,EEW,435,\N,Open
DEWEY594,DEWEY,594,\N,Open
OSL81,OSL,81,\N,Open
HARK499,HARK,499,\N,Open
HARK525,HARK,525,\N,Open
HOPE372,HOPE,372,\N,Open
WILMT127,WILMT,127,\N,Open
B&L411,B&L,411,\N,Open
ANNEX477,ANNEX,477,\N,Open
FRIEL81,FRIEL,81,\N,Open
UNITR196,UNITR,196,\N,Open
OSL374,OSL,374,\N,Open
HWH549,HWH,549,\N,Open
WEGMN220,WEGMN,220,\N,Open
FRIEL195,FRIEL,195,\N,Open
HYLAN104,HYLAN,104,\N,Open
MC24,MC,24,\N,Open
HH566,HH,566,\N,Open
ET153,ET,153,\N,Open
HYLAN479,HYLAN,479,\N,Open
CARLS519,CARLS,519,\N,Open
GRGEN358,GRGEN,358,\N,Open
MOREY110,MOREY,110,\N,Open
HOYT553,HOYT,553,\N,Open
DEWEY283,DEWEY,283,\N,Open
CHRST338,CHRST,338,\N,Open
SCHGL15,SCHGL,15,\N,Open
ANNEX48,ANNEX,48,\N,Open
OSL293,OSL,293,\N,Open
FRIEL279,FRIEL,279,\N,Open
CHAPL228,CHAPL,228,\N,Open
STRNG22,STRNG,22,\N,Open
KMRB235,KMRB,235,\N,Open
GLSON472,GLSON,472,\N,Open
DOUG72,DOUG,72,\N,Open
LCHAS68,LCHAS,68,\N,Open
RLUTH432,RLUTH,432,\N,Open
MED516,MED,516,\N,Open
SAGE7,SAGE,7,\N,Open
MOREY279,MOREY,279,\N,Open
SLATE366,SLATE,366,\N,Open
HOPE452,HOPE,452,\N,Open
HOPE166,HOPE,166,\N,Open
OBRN401,OBRN,401,\N,Open
HOYT497,HOYT,497,\N,Open
RETT33,RETT,33,\N,Open
EEW530,EEW,530,\N,Open
B&L43,B&L,43,\N,Open
WILMT307,WILMT,307,\N,Open
EEW390,EEW,390,\N,Open
CARLS68,CARLS,68,\N,Open
EIOH487,EIOH,487,\N,Open
CHAPL258,CHAPL,258,\N,Open
SLATE533,SLATE,533,\N,Open
RETT94,RETT,94,\N,Open
CSB340,CSB,340,\N,Open
CTSB366,CTSB,366,\N,Open
SAGE433,SAGE,433,\N,Open
EEW302,EEW,302,\N,Open
GAVET364,GAVET,364,\N,Open
EEW152,EEW,152,\N,Open
KMRB163,KMRB,163,\N,Open
WILMT327,WILMT,327,\N,Open
SAUND284,SAUND,284,\N,Open
SAUND86,SAUND,86,\N,Open
SLATE437,SLATE,437,\N,Open
ANNEX263,ANNEX,263,\N,Open
OSL289,OSL,289,\N,Open
DOUG349,DOUG,349,\N,Open
EC593,EC,593,\N,Open
GRGEN93,GRGEN,93,\N,Open
SAGE60,SAGE,60,\N,Open
B&L94,B&L,94,\N,Open
MSH45,MSH,45,\N,Open
HOPE423,HOPE,423,\N,Open
SCHGL224,SCHGL,224,\N,Open
HUTCH401,HUTCH,401,\N,Open
SPURR254,SPURR,254,\N,Open
CTSB521,CTSB,521,\N,Open
FRIEL393,FRIEL,393,\N,Open
WEGMN145,WEGMN,145,\N,Open
MED539,MED,539,\N,Open
HWH106,HWH,106,\N,Open
LCHAS388,LCHAS,388,\N,Open
SPURR250,SPURR,250,\N,Open
OBRN541,OBRN,541,\N,Open
EC104,EC,104,\N,Open
MOREY416,MOREY,416,\N,Open
GLSON347,GLSON,347,\N,Open
GLSON449,GLSON,449,\N,Open
SPURR120,SPURR,120,\N,Open
HWH363,HWH,363,\N,Open
SAUND135,SAUND,135,\N,Open
CTSB514,CTSB,514,\N,Open
MEL331,MEL,331,\N,Open
LCHAS412,LCHAS,412,\N,Open
OBRN549,OBRN,549,\N,Open
OBRN584,OBRN,584,\N,Open
B&L64,B&L,64,\N,Open
FRIEL412,FRIEL,412,\N,Open
SAUND384,SAUND,384,\N,Open
ANNEX403,ANNEX,403,\N,Open
CHRST212,CHRST,212,\N,Open
RRLIB415,RRLIB,415,\N,Open
UHS141,UHS,141,\N,Open
HYLAN129,HYLAN,129,\N,Open
MC250,MC,250,\N,Open
UHS539,UHS,539,\N,Open
GEN427,GEN,427,\N,Open
SAUND33,SAUND,33,\N,Open
ANNEX53,ANNEX,53,\N,Open
RRLIB443,RRLIB,443,\N,Open
ESM134,ESM,134,\N,Open
HH220,HH,220,\N,Open
STRNG64,STRNG,64,\N,Open
HUTCH522,HUTCH,522,\N,Open
OSL265,OSL,265,\N,Open
LCHAS13,LCHAS,13,\N,Open
MSH592,MSH,592,\N,Open
EC436,EC,436,\N,Open
MSH448,MSH,448,\N,Open
FRIEL334,FRIEL,334,\N,Open
ESM479,ESM,479,\N,Open
GAVET63,GAVET,63,\N,Open
