lhudson,AAS
seloievans,AAS
gwest,AAS
kbangoura,AAS
mguillory,AAS
jinikori,AAS
jkyker,AAS
ckemedjio,AAS
jtucker,AAS
ccadorette,AAS
kmariner,AAS
sweeber,AAS
swillis,AH
rhaidu,AH
lescobar,AH
pchristensen,AH
lliu,AH
jsaab,AH
trueb,AH
acappetta,AH
pduro,AH
sweeber,AH
rdoran,AH
abaroni,AH
jlewis,AH
maslennikova,AH
oarnone,AH
tgibson,ANT
kmariner,ANT
sarmoskaite,ANT
mabtahian,ANT
mabtahian,AN
josburg,ANT
kdoughty,ANT
nchin,ANT
lmetcalf,ANT
lsearle,ANT
dreichman,ANT
jkyker,ANT
rfoster,ANT
aalfatli,ARA
dbeaumont,ARA
bschertz,ASL
dkiselgof,ASL
pnickels,ASL
gchastel,ASL
ntourangeau,ASL
druskin,ASL
sroessner,AME
rlavaque,AME
mlee,AME
zignjatovic,AME
mbocko,AME
zduan,AME
danderson,AME
jrubin,AMS
kdouglass,AST
eblackman,AST
afrank,AST
kdavis,BCS
druskin,BCS
spiantadosi,BCS
ckidd,BCS
dkornack,BCS
jmitchell,BCS
jhunter,BCS
gferguson,BCS
cxu,BCS
rmiller,BCS
gdeangelis,BCS
winessamuels,BCS
mtanenhaus,BCS
ntourangeau,BCS
jcantlon,BCS
dtadin,BCS
mhoque,BC
aorr,BIO
mclark,BIO
teickbush,BIO
rminckley,BIO
jjaenike,BIO
jfry,BIO
rbickel,BIO
dgoldfarb,BIO
dpresgraves,BIO
jholz,BIO
dbergstralh,BIO
cbenyajati,BIO
dfu,BIO
ghaemmaghami,BIO
jfay,BIO
esia,BIO
jfry,BI
kschaefer,BIO
ltinelli,BIO
xbi,BIO
jwerren,BIO
elalor,BME
mbuckley,BME
lcarney,BME
rchoe,BME
ckuo,BME
kvats,BME
ddalecki,BME
mgdowski,BME
hawad,BME
jcondon,BME
ebrown,BME
sseidman,BME
jnam,BME
smcconnell,BME
rmaddox,BME
jadamo,BM
jmcgrath,BME
rwaugh,BME
ljones,CAS
shamell,CAS
jguzmanrea,CAS
asafivand,CAS
hpham,CAS
tpagano,CAS
lcaruso,CAS
ckemedjio,CAS
kberger,CAS
rdoran,CAS
rfrye,CAS
nhammond,CAS
eoi,CAS
kjohnson,CAS
ngresens,CGR
chawkins,CGR
awhite,CHE
manthamatten,CHE
wtenhaeff,CHE
rfoster,CHE
fkelley,CHE
jjorne,CHE
schen,CHE
jcondon,CHE
echimowitz,CHE
ashestopalov,CHE
myates,CHE
mporosoff,CHE
hawad,CHE
jwu,CHE
gtian,CHI
ppian,CHI
thuang,CHI
eweber,CHI
eweber,CH
yspence,CHI
schao,CHI
kbren,CHM
dmccamant,CHM
tkrugh,CHM
dhickey,CHM
jgoodman,CHM
hafensteiner,CHM
btoder,CHM
jolsen,CHM
kknowles,CHM
rfasan,CHM
wschroeder,CHM
jfarrar,CHM
bnilsson,CHM
afrontier,CHM
wbrennessel,CHM
ematson,CHM
mneidig,CHM
jdinnocenzo,CHM
rboeckman,CHM
tkrauss,CHM
phuo,CHM
ashestopalov,CHM
ngresens,CLA
chawkins,CLA
amerideth,CLA
wbridges,CLT
abaroni,CLT
jbernardi,CLT
jcreech,CLT
ckemedjio,CLT
fsiniscalco,CLT
fsiniscalco,CL
bjorgensen,CLT
dholloway,CLT
rdoran,CLT
cpost,CLT
maslennikova,CLT
arosensweig,CLT
rsarkis,CSC
rkostin,CSC
tpawlicki,CSC
tbiswas,CSC
gferguson,CSC
lschubert,CSC
jallen,CSC
rstjacques,CSC
rnelson,CSC
thoward,CSC
aanand,CSC
dgildea,CSC
cxu,CSC
sgrimm,CSC
cding,CSC
spai,CSC
aalmudevar,CSC
jcriswell,CSC
hemaspaandra,CSC
dstefankovic,CSC
mscott,CSC
thuang,CSC
mhoque,CS
aelliot,CSP
rrogge,CSP
jjamieson,CSP
mestrada,CSP
cniemiec,CSP
bfriedman,CSP
kphillips,CSP
sturgeapple,CSP
cglenn,CSP
lelenbaas,CSP
mzuckerman,CSP
lstarr,CSP
pdavies,CSP
lbennetto,CSP
hreis,CSP
jsmetana,CSP
to'connor,CSP
stoth,CSP
dkaufmann,CSP
kdavis,CVS
gdeangelis,CVS
wharris,DAN
spfohl,DAN
mgipner,DAN
dcorea,DAN
rbeauchamp,DAN
trussell,DAN
mscott,DAN
rwood,DAN
rloughridge,DAN
kbangoura,DAN
kjohnson,DAN
aanand,DSC
tbiswas,DSC
aalmudevar,DSC
gheyworth,DSC
mhoque,DS
eloy,DMS
kpilcher,DMS
rkostin,DMS
jloporcaro,DMS
cpeppermint,DMS
sashenfelder,DMS
leblancrober,DMS
kphillips,DMS
jzavislan,EAS
danderson,ECE
jmottley,ECE
mlee,ECE
eipek,ECE
thuang,ECE
qlin,ECE
jwu,ECE
thoward,ECE
mbocko,ECE
mdoyley,ECE
zduan,ECE
sseidman,ECE
cbenton,ECE
dgildea,ECE
gwicks,ECE
zignjatovic,ECE
mcetin,ECE
bmateos,ECE
ctapparello,ECE
cxu,ECE
ddalecki,ECE
cding,ECE
hdery,ECE
slandsburg,ECO
mrizzo,ECO
yawaya,ECO
ybai,ECO
dlu,ECO
kocherlakota,ECO
gwedig,ECO
jinikori,ECO
nyildiz,ECO
ccaetano,ECO
schen,ECO
sogie,ECO
jsingleton,ECO
mwolkoff,ECO
akochov,ECO
akalandrakis,ECO
pbarelli,ECO
ypark,ECO
sgovindan,ECO
rpavan,ECO
wthomson,ECO
galessandria,ECO
ljones,ECO
ychang,ECO
mbils,ECO
cborrelli,EES
jtarduno,EES
kberger,EES
rcottrell,EES
mjean,EES
vpetrenko,EES
ibanezmejia,EES
eweber,EES
lmurray,EES
phiggins,EES
gmitra,EES
jkessler,EES
wfitzpatrick,EHU
lnadir,EHU
rcurren,EHU
lliu,EHU
sweaver,EHU
rmiller,ENG
etawil,ENG
thahn,ENG
srajan,ENG
jmichael,ENG
rhaidu,ENG
sshah,ENG
jlongenbach,ENG
sdobbin,ENG
lliu,ENG
jmemmott,ENG
csmith,ENG
ffletcher,ENG
dhannum,ENG
sreiser,ENG
sashenfelder,ENG
thahn,EN
grice,ENG
scottflahert,ENG
pbrowne,ENG
jrubin,ENG
srozenski,ENG
shigley,ENG
rkegl,ENG
meaves,ENG
jtucker,ENG
sweeber,ENG
mscott,ENG
blondon,ENG
rdoran,ENG
ehomerin,ENG
jbernardi,ENG
swillis,ENG
cpost,ENG
gheyworth,ENG
dbleich,ENG
lnadir,ENG
dstevenson,ENG
kdavis,ENG
mbalmain,ENG
swang,ENG
nmaister,ENG
pduro,ENG
kgross,ENG
manthamatten,ERG
schen,ERG
jwu,ERG
echimowitz,ERG
myates,ERG
lnadir,FMS
rhaidu,FMS
kpilcher,FMS
sashenfelder,FMS
srogers,FMS
cpeppermint,FMS
sweeber,FMS
dbleich,FMS
jcreech,FMS
jbernardi,FMS
rwestbrook,FMS
leblancrober,FMS
wbridges,FMS
fsiniscalco,FMS
pmarecki,FMS
swillis,FMS
cnasra,FR
jpapaioannou,FR
radegondeeis,FR
rdoran,FR
arosensweig,FR
ckemedjio,FR
kbecker,GER
jhwang,GER
jcreech,GER
leblancrober,GER
lescobar,GSW
kmariner,GSW
swillis,GSW
tbakhmetyeva,GSW
dmodrak,GSW
rrogge,GSW
lzigelyte,GSW
shigley,GSW
jcreech,GSW
abaroni,GSW
amerideth,GSW
jkyker,GSW
srozenski,GSW
ckemedjio,GSW
dbleich,GSW
bjorgensen,GSW
dholloway,GSW
josburg,GSW
mandreatta,HEB
tdevaney,HIS
emandala,HIS
tfleischman,HIS
nmaslennikov,HIS
ezhang,HIS
mball,HIS
lhudson,HIS
mguillory,HIS
mpierce,HIS
lsmoller,HIS
pkoyoumjian,HIS
btheobald,HIS
lsmoller,HI
ebrown,HIS
jinikori,HIS
doutram,HIS
sweaver,HIS
rkaeuper,HIS
chawkins,HIS
dho,HIS
tbakhmetyeva,HIS
rfoster,HIS
jrubin,HIS
rwestbrook,HIS
dbeaumont,HIS
jpedersen,HIS
dborus,HIS
sweaver,N/A
rstone,HIS
tnoto,HIS
ahughes,IR
jpaine,IR
blacina,IR
bmeguid,IR
afrey,IR
hgoemans,IR
jinikori,IR
khernandez,IR
akorn,IR
tmurano,IR
tmurano,IT
akorn,IT
fsiniscalco,IT
abaroni,IT
fshino,IT
shardy,IT
ytaguchi,IT
shardy,JPN
fshino,JPN
ytaguchi,JPN
mtamate,JPN
jbernardi,JPN
yspence,JPN
dholloway,JPN
wbridges,JPN
mandreatta,JPN
ahughes,JST
tfleischman,JST
jhall,JST
mcho,JST
mcho,KOR
ngresens,KOR
ejusino,LAT
mabtahian,LAT
sarmoskaite,LAT
mabtahian,LIN
mabtahian,LI
sarmoskaite,LIN
seloievans,LIN
druskin,LIN
lcarney,LIN
awhite,LIN
ntourangeau,LIN
sgrimm,LIN
mtanenhaus,LIN
gcarlson,LIN
cpost,LIN
jpapaioannou,LIN
mscott,LIN
cpost,LTS
jpapaioannou,LTS
mscott,LTS
vlorman,LTS
njochnowitz,LTS
pbirklbauer,LTS
agafni,MTH
yzeng,MTH
jpassant,MTH
ggrell,MTH
ydemiroglu,MTH
mherman,MTH
vlorman,MTH
jpeng,MTH
rren,MTH
sshi,MTH
smkrtchyan,MTH
slubkin,MTH
yxi,MTH
skleene,MTH
ssalur,MTH
evidaurre,MTH
kmadhu,MTH
schen,MTH
sgonek,MTH
chaessig,MTH
dgeba,MTH
agreenleaf,MTH
cmctague,MTH
mgage,MTH
jzhong,MTH
akrishnan,MTH
rpoduri,MTH
jbautista,MTH
paudi,MTH
kyamazaki,MTH
dthakur,MTH
jpakianathan,MTH
fcohen,MTH
cmueller,MTH
riveraleteli,MTH
lcarney,MTH
njochnowitz,MTH
aorr,MTH
bmcintyre,MTH
ldias,MTH
manthamatten,MSC
wbrennessel,MSC
steitel,MSC
pfunkenbusch,MSC
vgenberg,MSC
jmcgrath,MSC
ddalecki,MSC
tkrauss,MSC
mporosoff,MSC
hawad,MSC
cguo,MSC
jwu,MSC
gwicks,MSC
echimowitz,MSC
bmcintyre,MSC
hdery,MSC
rperucchio,MSC
cronald,ME
nabdolrahim,ME
rren,ME
mpomerantz,ME
cmuir,ME
mbuckley,ME
pfunkenbusch,ME
haskari,ME
vgenberg,ME
jshang,ME
rbetti,ME
vgoncharov,ME
jnam,ME
asefkow,ME
fkelley,ME
rperucchio,ME
ldias,ME
amaximov,ME
rwaddell,ME
ngregory,ME
jcovach,MUR
jtitus,MUR
mblankenship,MUR
emckie,MUR
afrank,MUR
cmeeker,MUR
tcaramia,MUR
bpilato,MUR
kkowalke,MUR
ngregory,MUR
psilvey,MUR
amc,MUR
rwaddell,MUR
wtiberio,MUR
tgreen,MUR
isuadin,MUR
srogers,MUR
gwest,MUR
kbangoura,MUR
mwitten,MUR
pperalta,MUR
pscinta,MUR
awahl,MUR
sroessner,MUR
chaas,MUR
acashner,MUR
hmeconi,MUR
sarmstrong,MUR
mmcarthur,MUR
jkyker,MUR
rsala,MUR
kvansice,MUR
kvansice,NAV
agonzalez,NAV
mross,NAV
nnobrega,NAV
jmitchell,NAV
dkornack,NAV
dkornack,NSC
jmitchell,NSC
rmiller,NSC
gdeangelis,NSC
winessamuels,NSC
ceastman,NSC
slukishova,OPT
gsavich,OPT
jbentley,OPT
avamivakas,OPT
cguo,OPT
vgenberg,OPT
avisconti,OPT
jkruschwitz,OPT
jhunter,OPT
jfienup,OPT
kberger,OPT
lcarney,OPT
bmcintyre,OPT
wknox,OPT
cstroud,OPT
gwicks,OPT
tkrauss,OPT
rnelson,OPT
ebrown,OPT
gagrawal,OPT
dmoore,OPT
ceastman,OPT
bkenkel,OPT
tjusko,OPT
cseplaki,OPT
vanwijngaarde,PEC
vanwijngaarde,PH
rdees,PH
nchin,PH
anadelen,PH
jkyker,PH
amc,PH
amorgan,PH
econee,PH
jtresan,PH
wfitzpatrick,PH
ygarcia,PHL
amiklos,PHL
hclatterbuck,PHL
dmodrak,PHL
gcitron,PHL
paudi,PHL
wfitzpatrick,PHL
jtresan,PHL
econee,PHL
rcurren,PHL
rdoran,PHL
ewestra,PHL
rdees,PHL
oarnone,PHL
jlewis,PHL
nbigelow,PPC
nbigelow,PHY
snyibule,PHY
poakes,PHY
jnichol,PHY
abodek,PHY
smanly,PHY
jeberly,PHY
fwolfs,PHY
pgourdain,PHY
gghoshal,PHY
mbocko,PHY
wschroeder,PHY
chagen,PHY
ddalecki,PHY
ygao,PHY
jfienup,PHY
aorr,PHY
sbenzvi,PHY
steitel,PHY
cguo,PHY
rren,PHY
fkelley,PHY
srajeev,PHY
adas,PHY
yshapir,PHY
hdery,PHY
avamivakas,PHY
amaximov,PHY
garciabellid,PHY
wojciechowska,PHY
pmarecki,PHY
pmarecki,POL
tvaldez,POL
tvaldez,POR
rstone,POR
sabramson,POR
kclarke,POR
csignorino,PSC
lpowell,PSC
gsasso,PSC
amc,PSC
mkroeger,PSC
tnoto,PSC
efiandach,PSC
lrothenberg,PSC
jpaine,PSC
blacina,PSC
bmeguid,PSC
afrey,PSC
hgoemans,PSC
akalandrakis,PSC
jinikori,PSC
khernandez,PSC
rdoran,PSC
kclarke,PSC
ghelmke,PSC
sabramson,PSC
mfey,PSC
bkenkel,PSC
mestrada,PSC
kdavis,PSC
kdavis,PSY
druskin,PSY
spiantadosi,PSY
aelliot,PSY
ckidd,PSY
rrogge,PSY
jjamieson,PSY
mestrada,PSY
rmiller,PSY
cniemiec,PSY
bfriedman,PSY
kphillips,PSY
sturgeapple,PSY
cglenn,PSY
lelenbaas,PSY
mzuckerman,PSY
lstarr,PSY
pdavies,PSY
lbennetto,PSY
amerideth,PSY
ahughes,PSY
dbrooks,PSY
ngresens,REL
rmiller,REL
mguillory,REL
dyarbrough,REL
schao,REL
ehomerin,REL
jhall,REL
lsmoller,REL
amerideth,REL
ccadorette,REL
ahughes,REL
gcitron,REL
tbakhmetyeva,REL
acashner,REL
dbeaumont,REL
dbrooks,REL
nmaslennikov,REL
maslennikova,RST
jgivens,RST
nmaslennikov,RUS
jgivens,RUS
maslennikova,RUS
kpilcher,RUS
sashenfelder,RUS
sashenfelder,SA
atopolski,SA
leblancrober,SA
cpeppermint,SA
barhaughbord,SA
jsaab,SA
tbakhmetyeva,SA
hlayton,SA
csmith,SAB
csmith,SKT
ebrown,SOC
kkomocki,SP
ebrown,SP
rojasrimachi,SP
ralfaro,SP
rprendergast,SP
kschaefer,SP
bjorgensen,SP202
bjorgensen,SP
mgage,SP
jzhong,SP
jbautista,SP480
rpoduri,STT
nzaino,STT
mmcdermott,STT
jciminelli,STT
dpresgraves,STT
cborrelli,STT
tjusko,STT
kberger,STT
kberger,SUS
wfitzpatrick,SUS
mpierce,SUS
rcottrell,SUS
vanwijngaarde,SUS
dreichman,SUS
rcurren,SUS
tnoto,SUS
myates,SUS
aanand,SUS
gferguson,SUS
dgildea,SUS
cxu,TCS
cding,TCS
spai,TCS
tbiswas,TCS
aalmudevar,TCS
jcriswell,TCS
dstefankovic,TCS
jmcgrath,TCS
ddalecki,TCS
hawad,TCS
hawad,TEB
jcondon,TEB
manthamatten,TEB
schen,TEB
jwu,TEB
echimowitz,TEC
ashestopalov,TEC
myates,TEC
thuang,TEC
mbocko,TEC
mdoyley,TEC
ctapparello,TEE
jwu,TEE
zduan,TEE
mlee,TEE
hdery,TEE
dmoore,TEE
ceastman,TEE
cstroud,TEM
gwicks,TEM
vgenberg,TEM
rnelson,TEO
jbentley,TEO
jkruschwitz,TEO
jhunter,TEO
ebrown,TEO
gagrawal,TEO
cguo,TEO
kberger,TEO
pfunkenbusch,TEO
vgenberg,TEO
rren,TME
fkelley,TME
rperucchio,TME
ldias,TME
comstockgay,TME
acomstock,TUR
sturkkan,TUR
mbayne,TUR
ltinelli,TUR
gsloan,TUR
mbayne,WRT
ltinelli,WRT
gsloan,WRT
sdelcourt,WRT
wrowley,WRT
ro'donnell,WRT
kschaefer,WRT
aarbogast,WRT
jcoyne,WRT
jwu,WRT
kphillips,WRT
tschmied,WRT
eloy,WRT
mlee,WRT
nzaman,WRT
astauffer,WRT
gbyng,WRT
rnelson,WRT
dhannum,WRT
pyee,WRT
aconklin,WRT
jrobinson,WRT
nsadaniantz,WRT
dmalloy,WRT
geggharrison,WRT
swang,WRT
jotis,WRT
kmohn,WRT
kkeller,WRT
rrich,WRT
dyarbrough,WRT
elowman,WRT
cisselhard,WRT
anikolis,WRT
geggharrison,WR
jshields,WR
swang,WR
ltinelli,WR
kschaefer,WR
agrenert,WR
lwhitebell,WR
swoodring,WR
acrakes,WRT
jsingleton,WRT
lwhitebell,WRT
ekohlhase,WRT
agrenert,WRT
ekohlhase,WR
swoodring,WRT
khernandez,WRT
ljones,WRT
kferruzza,WRT
jkeith,WRT
riyer,WRT
jkim,WRT
jkim,ACC
cwasley,ACC
htribunella,ACC
kwojdat,ACC
ghuels,ACC
sjayaraman,ACC
jwarner,ACC
pellickson,ACC
csmith,BRN
pshanahan,BRN
yshaposhnik,LAW
aseidmann,LAW
aseidmann,CIS
hrui,CIS
mwilson,CIS
emeyer,CIS
mwohl,ENT
uwaelchli,ENT
dmohr,EXP
gtrigilia,EXP
gtrigilia,FIN
dconway,FIN
dmohr,FIN
csmith,FIN
dfu,FIN
gbauer,FIN
uwaelchli,FIN
gschwert,FIN
hgroenevelt,FIN
amiklos,GBA
dtilson,GBA
rmantena,GBA
tshaw,GBA
plederer,HSM
cshuherk,HSM
tshaw,MSM
aevans,MSM
rlandy,MGC
mlee,MGC
kwalker,MGC
aevans,MGC
gwedig,MGC
jbrickley,MGC
jmiklosthal,STR
jbrickley,STR
vhope,STR
jschloff,STR
rlandy,MKT
rnelson,MKT
mestrada,MKT
ahaviv,MKT
rgoettler,MKT
hgroenevelt,MKT
dtilson,MKT
lgatto,WMT
jlammers,WMT
habugasea,EDF
kmeuwissen,EDF
zborys,EDF
aluehmann,EDF
kgarrison,EDF
jlammers,EDF
aluehmann,ED
cst. george,EDF
lsullivan,EDF
ekirst,EDF
brubenstein,EDF
kmackie,EDF
jnittoli,EDF
kberger,EDF
lsullivan,ED
yhan,ED
mkraus,ED
jduckles,ED
npalumbo,ED
kgraham,ED
dosborn,ED
kgarrison,ED
ddonnelly,ED
dmruzek,ED
mmcgee,ED
kmcgowan,ED
bbrent,ED
kfinnigan,ED
kwhitaker,ED
ghirst,ED
wharris,ED
ccassano,ED
nares,ED
mcurry,ED
ccallard,ED
cbaileyshea,ED
ldang,ED
okawakyu,ED
cxu,ED
bgopaul,ED
kdouthit,ED
sdaley,ED
jlammers,ED
dlinnenberg,ED
gst.,EDE
dhursh,EDE
sdong,EDE
dmcadam,EDE
lhazen,EDE
habugasea,EDE
sfitzgibbons,EDE
tangerbrown,EDE
fredericksen,EDE
bgopaul,EDE
asafivand,EDE
lgatto,EDU
dhursh,EDU
jlarson,EDU
vmarsh,EDU
zborys,EDU
rmiller,EDU
omarrero,EDU
dlinnenberg,EDU
brubenstein,EDU
amarquis,EDU
dguiffrida,EDU
kmeuwissen,EDU
shangbutler,EDU
csmith,EDU
swoodring,EDU
dswanson,EDU
mlynch,EDU
smcguinness,EDU
gst.,EDU
jlammers,EDU
gdeangelis,EDU
aluehmann,EDU
ssorensen,EDU
awolf,EDU
jbarr,ED
jbarr,ACM
bgarver,ACM
bgarver,ACY
sbeaudette,ACY
rcurren,ACY
ldurkin,ACY
lpowell,ACY
jstetzer,AH
jvanderstel,ALC
jdoser,ALC
jtruebger,ALC
mcorvington,ALC
jcovach,ALC
agreer,AL
callanharris,ALC
jhunter,ALC
jstetzer,ALC
lpowell,ALC
gsakakeeny,ALC
gsakakeeny,BSN
ustaff,CED
apena,CED
aelliot,CED
ebrown,CED
bburritt,CED
baronson,CED
awoy,CED
hsherman,CED
jwintringham,CED
liwintringha,CED
jgaeffke,CED
rstone,CED
mkaupa,CED
rsneider,CED
edobbins,CED
wpetito,CED
nmoriwaki,CED
tsupprakorn,CED
mrobey,CED
ilupines,CED
afoley,CED
hspindler,CED
mhenry,CED
dsawler,CED
pcoleman,CED
rlauber,CED
sboyd,CED
mcollins,CED
jmilnes,CED
sdoane,CED
jmcgrath,CED
charitatos,CED
atatarinov,CED
jkinsella,CED
palexander,CED
ktempleton,CED
wweinert,CED
jgray,CED
wnance,CED
cmarling,CED
kpeters,CED
jkim,CED
wtiberio,CED
jangus,CED
jkyker,CED
jpabon,CED
gwest,CED
yluk,CED
rspitzfaden,CED
jying,CED
cthielmann,CED
efreer,CHB
jying,CHB
cthielmann,CHB
jmanasse,CL
kgrant,CL
oschneller,CMP
psilvey,CMP
rspitzfaden,CMP
sanchezgutie,CMP
dliptak,CMP
zohnmuldoon,CMP
mscatterday,CMP
blubman,CMP
blubman,CND
wweinert,CND
mscatterday,CND
nvaron,CND
jvandemark,CND
jvandemark,DBL
suselmann,DBL
bgarver,EIC
suselmann,EIC
kpeterson,EIC
mscatterday,ESM
wweinert,ESM
wweinert,ENS
psilvey,ENS
mscatterday,ENS
podette,ENS
kbangoura,ENS
isuadin,ENS
gwest,ENS
lzalkind,ENS
dharry,ENS
jthompson,ENS
wkurau,ENS
qlin,ENS
kkemp,ENS
mkellogg,ENS
ematson,ENS
jathayde,ENS
mcorvington,ENS
bburritt,ENS
edobbins,ENS
drivello,ENS
kzager,ENS
jkyker,ENS
mkellogg,ETH
mkellogg,EUP
sboyd,FL
tscheie,FL
cmarcy,FL
cmarcy,FR
bhess,FR
mfaini,FR
rsteingrover,FR
pcarli,FR
ro'donnell,FS
rcurren,FS
ro'donnell,GER
rcurren,GER
rsteingrover,GER
pperalta,GER
awahl,GER
pscinta,GER
ngoluses,GTC
ngoluses,GTR
jpedersen,GTR
elimbach,GTR
kbride,HIS
kbride,HRP
wkurau,HPC
wkurau,HRN
tscheie,HRN
suselmann,HRN
kpeterson,HRN
jpedersen,HUM
elimbach,HUM
suselmann,HUM
mfaini,HUM
tmurano,HUM
mfaini,IT
bhess,IT
mkellogg,JAZ
cpillow,JAZ
mgreenberg,JAZ
edobbins,JAZ
drivello,JAZ
jthompson,JCM
cellison,JCM
chaas,JCM
schen,JCM
edobbins,JCM
rsneider,JCM
gversace,JCM
jcampbell,JCM
knunn,JCM
cjenkins,JCM
dterefenko,JCM
jdoser,JCM
mwatters,JCM
drivello,JCM
mzhou,JCM
okrayterman,KBD
ewidayani,KBD
tcaramia,KBD
dhiggs,KBD
nlaube,KBD
ebellotti,KBD
danderson,LUT
jkapusta,LUT
desaistephen,LUT
messe,MHS
isteigerwald,MHS
ljakelski,MHS
danderson,MHS
jkapusta,MHS
desaistephen,MHS
jcampbell,MHS
rfreitas,MHS
podette,MHS
gszymanski,MHS
cmueller,MHS
edobbins,MHS
ebucura,MHS
mculp,MHS
psilvey,MUE
wrichards,MUE
kliperote,MUE
asnell,MUE
jfetter,MUE
ebucura,MUE
mculp,MUE
cazzara,MUE
jkyker,MUE
cmueller,MUE
hwatkins,MUY
cmueller,MUY
rkillmer,MUY
rkillmer,OB
lbaker,OB
scarr,OB
sdaigle,OB
sdaigle,OP
tcaramia,ORG
jretzlaff,PED
jfetter,PED
edobbins,PED
tcaramia,PED
kcowdrick,PED
bburritt,PED
bburritt,PRC
gmackin,PRC
nantonova,PA
akobrin,PA
dhumpherys,PA
tcaramia,PA
tcaramia,PCL
gmackin,PCL
ttomczak,PIC
qlin,SAX
skennedy,SAX
emarvin,STR
emarvin,SAB
dheadlam,SAB
emarvin,TH
ohilewicz,TH
jcurlee,TH
jdunsby,TH
klumpenhouwer,TH
dterefenko,TH
afrank,TH
rdoran,TH
cburns,TH
zbernstein,TH
dheadlam,TH
smonahan,TH
dtemperley,TH
mkellogg,TBN
lzalkind,TBN
jthompson,TPT
rjolles,VLN
okrysa,VLN
thuang,VLN
fagostini,VLN
bgarver,VLN
rmiller,VLN
rmiller,VCC
kciesinski,VCE
rswensen,VCE
agriffey,VCE
jretzlaff,VCE
kcowdrick,VCE
cwebber,VCE
jopalach,VCE
wharris,VCL
kfittipaldi,VCL
jolschowka,ANA
lromanski,ANA
jschallek,ANA
csmith,ANA
jhayes,BCH
ephizicky,BCH
mo'reilly,BCH
jwedekind,BCH
rmiller,BPH
ephizicky,BPH
poakes,BPH
nzaino,BPH
mmcdermott,BST
cbeck,BST
jwu,BST
xcai,BST
sthurston,BST
kjohnson,BST
zjin,BST
vroberts,BST
vroberts,CVS
tkwong,CMT
rburack,CMT
skirkley,CMT
npecora,CMT
cproschel,CMT
akiernan,CMT
yyu,IND
slatchney,IND
amc,IND
hland,IND
tbaas,IND
cbenyajati,IND
rfreeman,IND
jhall,IND
sdaiss,IND
ebrown,IND
ebrown,MHB
wdigrazio,MHB
rbarth,MBI
pdunman,MBI
mpavelka,MBI
ttakimoto,MBI
jrobert,MBI
sgill,MBI
melliott,MBI
jzhu,MBI
smcconnell,NSC
jschallek,NSC
mo'banion,NSC
pshrager,NSC
tpasternak,NSC
knordeen,NSC
lromanski,NSC
rquivey,NSC
lxing,PTH
mlee,PTH
jbidlack,PHP
aglading,PHP
rfreeman,PHP
pbrookes,PHP
vanwijngaarde,PHP
rrich,PM
yli,PM
lkopin,PM
dossip,PM
pveazie,PM
dfernandez,PM
smcintosh,PM
xcai,PM
rrogge,PM
ebrown,PM
ehill,PM
jdolan,PM
tdye,PM
ssteele,PM
wwatson,PM
wwatson,PSI
decaporalery,PSI
smunson,PSI
aguiffre,PSI
jspeice,PSI
swangergagne,PSI
ochiang,PSI
mrand,TOX
ldelouise,TOX
jtucker,NSG
mmarconi,NSG
rnelson,NSG
dburgen,NLX
joliva,NUR
mchiafery,NUR
jtucker,NUR
jtuttle,NUR
epalermo,NUR
pietraszewski,NUR
ebaylor,NUR
csellers,NUR
mflannery,NUR
jmcmahon,NUR
astein,NUR
mmarconi,NUR
yxue,NUR
bpowers,NUR
snorton,NUR
smoreland,NUR
sciurzynski,NUR
rsaunders,NUR
hmalmstrom,DCD
cseverin,DCD
rtallents,DE
ikamp,DEN
selad,DEN
lporcello,DEN
rquivey,DEN
kopyckakedzi,DEN
covitt,DEN
gcarlson,BCS
astein,BIO
jmcdonough,BME
mmette,DMS
mjarvis,DMS
mmette,ENG
tchalef,ENG
mmette,FMS
jhwang,FMS
hlayton,GSW
jmcdonough,LIN
kbren,MSC
lambropoulos,MSC
lambropoulos,ME
drunzo,MUR
fignatovich,OPT
lwade,PHY
asefkow,PHY
hlayton,REL
jenck,RUS
mmette,SA
kpilcher,SA
jhwang,SA
fignatovich,TEE
asefkow,TME
mmaier,WMT
lmazadoorian,ED
mtansey,ED
snelms,ED
mocchino,ED
smartin,ED
speyre,ED
jmoss,EDE
mtansey,EDU
fredericksen,EDU
mkellogg,AL
edobmeier,MUE
kviavattine,MUE
jkim,MUE
bblackard,MUE
sweaver,MUE
mo'banion,ANA
fbriggs,ANA
sdaley,CMT
wharris,CMT
hsassone,CMT
ldeacon,CMT
lmurray,IND
evaughn,IND
fbriggs,NSC
mbrennan,NUR
lmassaro,NUR
lrotondo,NUR
wwatson,DE
wwatson,DEN
